,0,1,5,6,9,11,18,26,27,30,61,63,66,73,74,77,78,81,84,86,91,99
0,M,8,DD,BA,AA,DD,DA,CA,BC,BA,DC,BB,AB,EA,BD,BA,EC,CD,AB,BD,BA,BB
1,M,8,DD,BA,DA,BC,BA,CE,BC,BA,DD,EB,CC,AA,BA,BA,AC,DD,BB,BD,BC,DD
2,M,8,DD,BA,AA,DC,BA,CE,AA,CA,DD,EE,CB,AA,BA,BA,EC,CD,BB,BB,DA,DB
3,M,8,DD,CC,AA,DC,BA,CE,BC,CB,EC,EE,AB,AA,BA,BA,AA,DD,AB,CD,DA,DD
4,F,8,DA,CB,DC,DD,BA,CE,AA,CA,EA,EA,CA,EA,BB,BC,AA,DB,AC,BB,BA,DD
5,F,8,DC,CB,AC,DD,BA,CB,AB,CA,EA,EA,CC,EA,BD,DC,EA,DB,AD,BB,BA,BA
6,F,8,DA,BB,DC,DA,BA,CB,AB,CA,DA,EE,CA,AA,BB,DC,EA,DB,AD,BB,BC,DA
7,M,8,DC,CB,AC,BA,BA,CB,AB,BA,DA,BA,CC,EA,BD,DC,EA,DB,BD,BB,DA,BA
8,F,8,DB,CC,DB,DD,BE,CA,AA,BA,EA,EE,CB,AA,BA,BD,AA,DD,BD,CC,DA,BA
9,M,8,DB,CC,DD,DD,BB,CC,AA,CC,DD,EE,AB,AA,BA,BC,EA,DA,AD,CC,BB,BA
10,F,8,DB,BC,AB,DA,BE,CC,BA,CC,DD,EB,CB,EA,BA,BD,AA,CA,AA,CC,DA,DD
11,M,8,DA,BC,AB,DA,DE,CA,AA,CC,DA,BB,CB,AB,BA,DC,AA,DD,BD,BB,BA,DD
12,M,8,DD,CB,DA,DC,BB,CC,BA,BB,EE,BA,CB,AA,BB,BB,AA,DA,AA,BA,BB,DD
13,M,8,DD,CB,AA,BC,BB,CB,AA,BB,DE,EA,CA,AA,BA,BB,EA,DA,BA,BB,BC,DD
14,F,8,DA,CC,DA,BC,DA,CC,BA,BB,EE,EA,CA,AA,BA,DB,AA,DA,BA,CA,BC,DA
15,M,8,DA,CC,AA,DE,BA,BB,AA,CB,DE,BA,CA,AA,BB,BB,AA,DA,AA,BB,DB,DA
16,F,8,DA,CC,AA,DC,DB,BB,BA,CB,DC,EE,CC,AC,BB,DE,AA,DD,BA,CA,BC,DD
17,F,8,DA,CC,AA,DC,BB,BB,BA,CB,EC,EE,AA,AC,BA,DE,EA,DA,AA,BA,DB,DD
18,M,8,DA,CB,DA,BC,BA,CE,BA,CB,EC,EE,CA,EC,BA,DE,AA,DA,AA,CA,BC,DD
19,F,8,DA,CC,AA,DE,DB,CE,BA,BB,EC,BC,CA,AB,BB,BE,EA,DD,BA,CA,BB,DA
20,F,8,DB,BD,AA,BB,DC,BC,AA,CB,EE,EA,CB,AD,BA,BB,EE,DA,AA,BB,BC,BC
21,M,8,DB,CC,DA,BB,BC,BC,AA,BA,DE,EB,CB,AD,BA,DB,AB,DA,AC,CB,BB,DC
22,F,8,DA,CC,DC,BB,DC,CE,AA,CA,DE,EB,CD,AB,BA,DB,EE,CA,BA,BB,BB,DC
23,F,8,DB,BD,AA,DB,DC,CC,AA,CA,EE,EB,CB,ED,BA,DB,EE,CA,AC,CB,BB,DC
24,M,8,DA,CC,AA,DD,BB,BE,BA,BA,DD,BA,AA,EA,BB,DB,AA,DA,AA,CB,DB,BA
25,F,8,DA,CB,DC,DA,BA,CE,BA,CA,DD,EA,AA,AA,BD,BB,AA,DA,AA,BA,DB,DA
26,F,8,DB,CC,DA,DA,DB,BE,AA,BA,DD,BA,CB,AA,BB,BB,EB,DA,BD,BA,BB,DA
27,F,8,DA,BC,DC,DA,DB,CE,BA,CA,DB,BA,CB,AA,BB,DB,AB,CA,AA,BB,BB,DA
28,M,8,DB,CB,DB,DA,DB,CE,AC,CC,EB,EB,CD,AA,BB,BA,AC,CA,AA,BA,BB,DB
29,M,8,DA,CB,DA,DA,BB,BE,BA,BA,EB,EB,AD,AA,BB,DA,AC,DE,AA,BA,BB,BB
30,M,8,DA,CB,AA,BA,DB,BE,AC,CA,DA,EB,AD,AB,BB,DA,AC,DA,BC,BB,BB,DB
31,F,8,DA,CA,AA,BA,BB,BE,BA,BA,DA,BB,AD,EB,BB,BD,AA,CA,AC,BA,BB,DB
32,F,8,DB,BA,AB,BA,BC,CC,BA,CD,DA,EC,CA,AA,BA,BA,EE,DC,BB,BA,BA,DC
33,F,8,DE,CB,DB,BA,BA,BC,AA,BA,DE,EA,AE,AB,BA,BC,AE,CC,BB,BA,DB,DA
34,F,8,DE,BA,DB,BA,DC,CC,BA,CA,DA,BC,AE,AA,BA,DA,AA,DC,BB,BA,DB,BC
35,F,8,DB,CB,DB,BA,DC,CA,AA,CA,DE,BC,AE,EB,BC,BA,AE,CC,AB,CA,DB,DA
36,F,8,CB,BB,AB,AA,AA,EC,AC,AA,DA,AC,AE,AB,DA,BA,AA,AC,CB,BA,BA,DA
37,M,8,CB,BB,AB,DA,DC,BC,EA,AA,EE,AC,AE,AA,BC,BA,AA,AC,BB,BA,DB,DA
38,F,8,AE,BA,CB,DA,AC,EA,AC,CD,DA,EA,AE,EB,DC,BC,AA,AC,CA,BA,BA,AC
39,M,8,AB,BB,AB,DA,AA,EC,EA,CA,EE,AC,CA,AB,DC,BC,BE,AC,CA,BA,DB,AC
40,M,8,AB,BA,CB,DD,DA,EA,EA,CC,DA,EB,CD,AC,DB,BD,AA,AE,BC,AA,DC,DA
41,F,8,CB,BA,AA,AD,AA,EA,EA,CC,DA,AB,CD,AC,DB,BD,BA,AE,CC,BA,BA,DD
42,F,8,AB,BA,CA,DD,DA,BA,EA,CC,DD,AB,AD,EB,DB,BD,AA,AC,BC,AA,DC,DA
43,M,8,CB,BA,CA,AD,AA,EA,EA,CC,ED,EB,CD,AB,DB,BC,BA,AE,BC,BA,BC,DD
44,F,8,DB,BA,CA,EA,AA,AA,AA,AC,AD,EB,CA,AB,AB,BD,CA,DE,CC,BA,CA,DA
45,F,8,DB,AA,AA,ED,AA,CA,AE,CC,DA,EA,CD,AB,AB,BD,AA,DE,CC,BA,CA,DD
46,F,8,DE,BA,CA,EA,AA,AA,CA,CC,DD,EB,CD,AC,DB,BC,AA,DC,BC,BA,AC,DD
47,M,8,DB,AA,CB,EA,AA,CA,AE,CC,DA,EA,CD,AB,AB,BD,AA,DE,CD,AA,AC,DD
48,M,6,DC,CB,CC,AB,BA,EE,AA,BB,DA,EA,CA,EB,DB,BD,AA,AA,BA,AA,BC,DA
49,F,6,DC,BB,CC,BE,BB,EE,AA,AB,EA,EA,CA,EB,DB,BD,AA,AA,BA,AA,CC,DD
50,F,6,AC,CC,CC,BB,BB,ED,BA,AB,EA,EA,CA,EB,DB,BD,AA,AA,BA,AA,CC,DD
51,F,6,AC,CC,AC,BB,BB,ED,AA,AC,DE,EA,CA,EB,DB,BD,AA,AA,CC,AA,CC,DA
52,M,6,AA,BA,AC,BA,BB,EA,BB,BA,DD,EE,CD,EB,BB,BB,AA,AD,BA,AB,BA,AC
53,F,6,AA,CA,CC,AA,DA,EB,AB,BA,ED,EE,CD,EB,DB,BB,AA,AD,CA,AB,CC,DD
54,F,6,AA,CB,AC,AA,BA,BA,AB,AC,DD,EE,CD,EB,DB,BB,AA,AD,CB,AB,BA,DC
55,M,6,DA,CB,CC,BA,BA,EA,AB,AA,ED,EE,CA,EB,DB,BB,AA,AA,BA,AB,CA,DD
56,F,6,DA,CB,CB,BE,BB,BA,AB,BC,DD,EA,CD,EE,DD,BB,AA,AD,BA,AB,CC,DC
57,F,6,AA,CB,CB,BA,BB,BA,AA,BC,DD,EA,CD,EB,DD,BD,AA,AD,CC,AA,CC,DD
58,M,6,AA,CB,CB,AA,DB,EA,AB,AC,DD,EA,CD,EB,DD,BD,AA,AD,BA,AA,CC,DC
59,M,6,DA,CA,CB,BA,DB,EA,AB,AC,ED,EA,CD,EE,DD,BD,AA,AA,CA,AA,CC,AC
60,F,6,AC,CB,CB,BA,BB,EC,AD,AA,DD,EE,CA,EB,DD,BB,AE,AA,CA,AA,CC,DD
61,M,6,DB,CA,CC,AA,BB,BC,BD,AA,DD,EE,CA,EB,BA,BA,AE,AA,CC,AA,CB,DD
62,F,6,AC,CA,AB,BE,BC,EB,AD,AA,DD,EB,CE,EB,DD,BB,AE,AA,BA,AA,CC,AD
63,F,6,DB,BA,AB,BA,BC,EC,AD,AA,DE,EE,CE,EB,DA,BB,AE,AD,CA,AA,BB,DD
64,M,6,DA,CA,AB,BA,BB,BC,BD,AB,DD,EB,CE,ED,BA,BB,AE,AC,CB,AA,CA,AC
65,M,6,AD,CB,AB,BA,BA,EE,AD,AB,DD,EB,CE,ED,BA,BD,AE,AC,CA,AA,CA,AC
66,F,6,DA,CA,AB,AA,BB,EC,AA,AB,DD,EB,CE,ED,DA,BB,AE,AC,BB,AA,CB,DC
67,M,6,AD,CA,CA,BD,DA,EC,AD,AB,DD,EA,CE,ED,BA,BB,AE,AC,CB,AA,CA,DC
68,M,6,AB,CB,AB,AA,DC,EA,AA,AD,EE,EA,CE,EB,BC,BC,AA,AC,BB,AA,BB,AC
69,M,6,AB,CA,CB,BA,BC,BC,AA,AA,DE,EC,CA,EA,DA,BA,AA,AC,CB,AA,CA,DA
70,F,6,AE,BA,CB,AA,BA,EA,AA,AA,DE,EC,CE,EB,DA,BC,AE,AC,CB,AA,CB,AC
71,F,6,AE,BA,AB,BA,BA,EA,AA,AD,DA,EA,CA,EB,DA,BC,AE,AC,BB,AA,CA,DC
72,M,6,DA,BA,AB,BA,BC,EA,AD,AA,EA,EB,CE,EB,BA,BC,AA,AD,CA,AC,BB,DD
73,M,6,AE,CA,AB,AA,DC,BA,BD,AA,DA,EA,CB,EA,DA,BC,AE,AD,CA,AB,BB,DA
74,M,6,AE,BA,CB,BA,BC,EA,AB,AA,DA,EB,CE,EB,DA,BA,AE,AD,CA,AB,CB,DA
75,F,6,DA,CA,CB,BA,BC,EA,BD,AA,DA,EB,CE,EB,DA,BC,AE,AB,CA,AB,CA,AD
76,M,6,AB,AA,AB,DA,DC,EC,BC,CA,EE,EC,AE,BA,DC,BA,AE,AC,CB,AA,CB,DC
77,F,6,AB,CA,AB,EA,DC,EC,BC,CA,EE,EA,AE,BA,DA,BA,AA,AC,CB,AA,CA,DC
78,M,6,AB,CB,AB,EA,DA,EC,BA,CA,EE,EC,AA,BA,BC,BA,AA,AC,CB,BA,BB,DA
79,M,6,DB,AA,AB,EA,DC,EA,BA,CD,DE,EA,AE,BA,DC,BC,AE,AC,BB,AA,CA,DA
80,F,6,CE,AA,CB,AA,AC,AA,AB,CA,BA,EB,CE,EA,DB,BA,AE,ED,CA,AC,CA,AD
81,F,6,CA,AA,BB,AA,BA,EA,AD,CA,BA,EB,CE,EB,DA,BA,AE,AD,CA,AB,CB,DD
82,F,6,CA,CA,BB,AA,BC,EA,AB,CA,EA,EB,CE,EA,DA,BA,AA,AD,CA,AC,AB,DA
83,M,6,AA,CA,CB,AA,BC,EA,AD,CA,EA,EB,CB,BB,DA,BA,AE,ED,CA,AC,AB,AD
84,M,6,BB,BC,BD,AA,CB,AE,CA,DC,AB,AB,AC,AA,CB,AA,AA,CA,AA,AA,AB,CB
85,F,6,BB,BC,BD,AA,CB,AE,CC,DC,AE,CB,AC,AA,AB,CB,EC,CC,BA,AB,BB,CB
86,M,6,ED,BC,BB,AA,AD,AC,AC,DC,EB,CB,ED,AA,AB,CB,EC,CA,AA,AA,BB,AD
87,F,6,EB,BC,BB,AA,CB,AE,CC,DC,AE,AE,AD,AA,AB,AA,AC,CA,BA,AA,AB,AD
88,F,4,AA,CC,AA,DD,DD,CB,BB,BB,ED,BB,AA,AA,DD,BB,BE,CC,CC,CB,DB,BB
89,M,4,AA,CC,AA,DD,BD,CB,EE,CB,ED,AA,AA,BB,DB,BB,BE,DD,CB,CA,DB,DA
90,F,4,AD,CB,AA,DD,BB,CB,EE,CB,ED,BB,AA,AA,BB,DD,BB,CC,CC,CA,DB,BB
91,F,4,AD,CB,AA,DD,DD,CB,BB,CB,EA,BB,AA,BA,DD,DB,BE,DC,CC,CA,DB,BB
92,M,4,AA,BB,AA,BB,DD,CB,BB,CB,ED,AA,AA,BB,DB,DD,BB,DA,CB,CB,DD,BA
93,F,4,AA,BB,AA,DB,BB,CB,BB,CB,ED,AA,AA,BB,DB,DD,BB,DA,CB,CB,DD,DA
94,F,4,AA,BB,AA,DD,BD,CB,EB,CB,ED,BB,AA,AA,BB,DD,BB,DA,CB,CB,DB,DA
95,F,4,AA,CB,AA,BB,BB,CC,EB,CC,ED,AA,AB,BB,DB,DB,BB,DA,CB,CA,DD,BA
96,M,4,AA,CB,AA,DB,BD,CB,EA,CB,ED,AB,AA,BB,BB,BB,BB,DD,CB,CA,DC,BA
97,M,4,AA,CB,AA,BB,BB,EB,EA,BB,ED,BB,AA,AE,DD,BB,BB,DD,CB,CB,DB,DA
98,M,4,AA,BB,AA,DD,BB,CC,EA,CB,ED,AE,AA,AE,DD,DD,BA,CD,CB,AA,DC,DA
99,M,4,AA,BB,AA,DD,BB,CB,BA,CB,ED,BB,AA,BE,DD,DB,BA,DD,CB,CA,DB,DA
100,M,4,AC,CB,AD,DE,BB,CC,BA,CC,EE,AA,AB,BA,DA,DA,BB,DB,CC,CA,DA,DD
101,F,4,AC,BB,AD,DD,DA,CC,EA,BB,ED,AE,AB,BA,DB,DD,BB,DD,CC,AA,DA,DD
102,F,4,AC,BB,AC,BE,BB,CC,EA,BB,ED,AA,AC,BA,DB,BA,BB,DB,CC,CB,DD,BD
103,F,4,AC,BB,AC,DD,BB,CC,EA,CB,ED,AA,AB,AA,BA,DD,BB,DD,CC,CA,DA,BD
104,M,4,AA,CC,AA,DE,BA,CD,BA,CB,ED,BA,AB,BB,DD,DD,BB,DB,CC,CC,DB,DA
105,F,4,AA,BA,AC,DD,BB,CD,EA,CB,EE,BA,AC,AC,BA,BD,BB,DA,CC,CB,DB,BA
106,F,4,AC,CC,AA,DE,DA,ED,EA,BB,EE,BA,AC,BB,DD,DD,BB,DB,CC,CB,DB,DA
107,F,4,AA,CA,AC,BE,BB,CD,EA,CC,EE,AA,AC,BC,BA,BD,BB,DA,CC,CB,DB,BA
108,M,4,AA,BB,AB,BE,BB,CE,EB,CD,EA,AE,AA,AA,DA,DD,BB,DA,CA,AB,DC,DA
109,M,4,AA,CB,AC,DE,BB,EE,BB,BD,ED,AE,AB,BE,DD,DD,BB,DA,CC,AB,DC,DA
110,F,4,AA,CB,AB,BE,BB,CC,EA,CC,EA,BE,AA,AA,DD,DD,BB,DA,CC,AB,DC,DA
111,F,4,AA,CB,AB,DE,BB,CE,EB,CD,EA,BE,AB,BA,DD,BD,BB,DB,CC,CB,DC,DA
112,M,4,AB,CB,AC,DA,BB,CA,EB,CB,EA,AE,AB,BB,BA,DC,BB,DB,CA,CA,DB,DC
113,M,4,AC,CC,AC,BA,DB,CB,EB,CD,EA,AE,AC,AB,BA,BC,BA,CB,CB,AA,DC,DC
114,M,4,AB,CC,AC,DA,BB,CB,EB,CD,EA,AE,AB,BB,BA,DC,BA,CB,CA,CA,DB,DC
115,M,4,AC,CB,AC,DA,DB,EA,EA,BD,EA,BE,AC,BB,DB,DD,BA,CB,CB,AA,DC,DD
116,M,4,AB,CC,AA,BB,BB,EE,BA,CB,EA,AE,AC,BE,BA,DD,BE,DA,CD,CA,DB,DD
117,F,4,AB,CC,AA,BB,BC,CE,BA,BB,EA,BB,AB,BB,DA,DB,BE,DD,CD,AA,DB,DA
118,F,4,AB,CC,AC,DB,BB,CB,BA,BB,EA,BB,AB,BE,DA,DD,BB,CD,CC,CA,DD,DD
119,M,4,AB,CB,AA,DB,BC,EE,EA,CC,ED,AE,AB,BE,DA,BB,BE,DA,CD,CA,DD,DD
120,F,4,AB,CE,AB,BA,BC,CC,EA,BA,EE,AC,AB,AB,DC,BB,BE,DD,CB,CA,DB,BC
121,F,4,AB,BE,AB,BA,BA,EC,BA,BA,EB,BC,AA,BC,DC,DB,BE,CD,CB,CA,DB,DC
122,M,4,AD,BE,AB,BA,DC,CC,EA,BA,EB,AC,AA,BB,DC,DB,BA,CD,CB,AA,DB,DC
123,M,4,AD,CE,AB,BA,BA,EC,EA,CA,EB,AC,AA,AB,DB,BB,BA,CD,CB,CA,DB,DC
124,M,4,AB,CA,AC,DA,BA,CC,BA,BA,EB,AC,AE,BB,DA,BB,BE,DA,CB,CA,DB,BD
125,F,4,AC,BA,AC,BA,BA,CC,EA,CC,EB,BC,AE,BC,DA,DD,BE,DD,CB,CA,DB,DA
126,M,4,AB,CA,AA,BA,BA,EC,EA,CC,EB,AA,AE,BB,DA,BB,BA,DA,CB,CA,DB,BD
127,F,4,AC,BA,AA,DD,BA,CE,EA,CC,EB,BC,AE,AB,DA,DD,BA,CD,CB,CA,DB,DD
128,F,4,AA,CC,AB,DA,BC,BA,AD,CC,AA,BB,BB,BB,BA,DA,BE,CD,CA,BC,BB,BD
129,F,4,AA,CA,AB,EA,BC,CE,AA,CA,DA,BB,BB,BB,BD,BA,BE,AD,CC,BA,BA,BD
130,F,4,AA,CC,AC,DA,BC,CE,AD,CC,AA,EB,BB,BB,BD,DB,BA,AE,CA,AC,BB,AA
131,M,4,AA,CC,AB,DA,BB,CE,AD,CA,AA,EB,BB,EB,BD,DB,BE,AE,CA,AC,BA,AD
132,F,4,CA,CA,CC,DA,BC,CE,AD,CA,EA,EE,CB,BB,BD,AA,BE,DD,CC,BC,DA,DD
133,F,4,CA,BA,CC,DA,BB,CE,AA,BA,DE,AB,CB,BB,AA,DA,BE,DE,CA,BA,AB,DD
134,F,4,CA,CA,CC,DA,BB,CA,AD,CC,EA,EE,CB,BB,AA,DB,BA,BD,CC,BC,DA,DA
135,F,4,CA,BA,CC,DA,BC,CA,AA,BA,DA,AB,BC,AB,AA,AA,BA,DD,CC,BA,DB,DD
136,M,4,AB,BB,AB,EA,BB,DE,AC,BC,EE,EC,CC,BA,DA,AB,BC,DC,CA,BA,DB,AB
137,M,4,AB,BC,AD,DA,AB,BE,AC,CC,EE,EB,BC,BA,AB,BC,BC,BC,CA,AB,AB,DC
138,M,4,AB,BC,AD,DA,BC,DE,AC,CD,EA,EC,BA,BA,DB,BB,BC,BC,CB,AB,AB,DB
139,M,4,AB,BB,AD,EA,BB,BE,AC,BC,EE,EC,BC,AA,DA,BB,BC,BC,CA,BB,DB,AB
140,M,4,BB,AC,ED,EA,BC,CE,AC,CD,BE,EC,AC,AA,DA,DC,BC,AC,CA,CB,BB,AB
141,F,4,AB,BB,CB,DA,BC,AE,AC,CD,DA,EC,AC,EA,DA,AB,BC,AC,DA,CB,BB,AB
142,F,4,AB,BC,ED,EA,BB,CA,AC,CD,BE,EC,AC,AA,DB,AB,BE,AC,DA,BB,BB,AB
143,F,4,AB,BC,ED,DA,AB,AE,AC,CC,DA,BB,AA,EA,DA,DB,BC,AC,CB,CB,BB,AB
144,M,4,BB,CC,ED,AA,AB,AE,AC,CD,BE,EB,BA,AA,AB,BB,BC,AC,BB,BB,DB,DC
145,F,4,AB,CB,CD,AA,AB,AE,EC,CC,DE,BB,BC,EA,AB,BB,BC,AC,BA,BA,BB,AB
146,M,4,AB,CB,CB,AA,AB,BE,EC,CC,DE,EB,BC,EA,DA,DC,BC,AC,DA,BB,BB,AB
147,F,4,AB,CB,ED,AA,BB,BE,EC,AC,BE,BB,BC,EA,AB,DC,BC,AC,BA,BA,DB,AB
148,F,4,AB,CC,AD,BA,BC,EA,DC,AC,DE,BB,CA,EA,AB,BC,AE,AC,CB,AA,CB,AC
149,F,4,AB,CC,AB,AA,BB,EA,AC,AC,DE,EB,EC,EA,BA,BB,AE,AC,CB,AA,CB,CB
150,F,4,AB,CB,AD,BA,AB,EA,DC,BC,DE,EC,CC,EA,BB,BB,AE,CC,CB,AB,CB,AB
151,M,4,DB,BC,BD,AA,BC,EE,AC,AC,DE,EB,EC,EA,BA,BC,EC,AC,AA,AA,CB,CB
152,M,2,DA,AB,AD,DD,DA,CE,BA,BC,DE,BA,AA,AA,DB,BB,EA,CB,BC,BB,BB,BD
153,F,2,DA,AB,AD,DD,AA,CE,CA,AA,DE,BA,BA,EE,BB,BB,EA,DB,BC,BB,BA,BD
154,F,2,DD,BB,AC,DD,AA,CC,BA,AA,CA,BA,BA,AA,BB,BC,CA,CD,BC,BB,BA,BD
155,M,2,DA,AB,AD,DD,DA,CC,BA,BC,DE,BA,AC,EA,BB,BC,CA,DB,AA,BB,BB,BD
156,M,2,DA,BB,AC,DD,AA,CC,CB,BC,DA,BE,AA,EA,BB,BC,EA,CB,BD,DB,BC,BD
157,F,2,DA,BB,AD,DA,DB,AB,BB,AA,CA,BE,BA,AA,BB,BD,EE,DB,AD,DB,BC,BA
158,F,2,DA,BB,AC,DA,DA,CC,BB,BA,CA,BE,AA,EA,BB,AC,EE,CD,AD,DB,BC,BA
159,F,2,DA,AB,AC,DA,DA,CB,BA,BC,DA,BE,AC,AA,BB,BD,CA,CB,AA,BB,BB,BD
160,F,2,DE,AB,AB,DA,AA,AC,BA,AA,DD,BA,BE,EB,BB,AC,CE,CC,BB,BB,BD,BA
161,F,2,DE,BC,AB,DB,AA,CB,BA,AA,DE,BA,AA,EA,DA,AC,EE,DC,AB,DA,AB,BD
162,M,2,DE,AB,AB,DB,AA,CB,BA,AA,DE,BA,AA,EA,DA,AC,EA,CC,BB,BA,BD,BA
163,F,2,DE,BC,AB,DA,DB,CB,BA,AA,DD,BA,AA,EA,BB,BC,EE,CC,AB,DA,AB,BA
164,F,2,DA,BC,AC,DB,DB,CD,BA,AB,DE,BE,BA,AB,BD,BB,EA,CA,AA,DA,BC,BD
165,F,2,DA,BC,AC,DB,DB,CD,CA,AB,DE,BA,AA,EE,DB,BD,CA,CA,BA,DA,BC,BD
166,M,2,DA,BC,AC,DB,AB,AD,CA,AB,CA,BA,AA,EE,DB,BB,EA,CA,BA,DA,BC,BD
167,F,2,DC,AC,AC,DB,DB,CE,BA,AB,DA,BA,AA,EE,BD,BB,CA,CA,BA,DA,BC,BD
168,F,2,DA,AA,AB,DB,AC,AB,CD,AA,DD,BB,AE,EE,DD,BB,EA,DA,AA,BA,BC,BD
169,M,2,DC,BA,AB,DE,DC,AB,BA,BA,DD,BB,AC,EB,BD,BB,CE,CA,AB,BA,AC,BD
170,M,2,DC,AA,AA,DB,DC,CE,BA,AA,DD,BB,BE,EE,BD,AB,EA,CA,BA,BA,BC,BA
171,F,2,DC,BC,AB,DE,DB,CB,BA,AA,CD,BE,BE,EE,BD,BB,CE,CA,AB,BA,AC,BA
172,M,2,DD,BA,AB,DA,AC,CA,CD,AA,DA,BB,AE,EB,BA,BB,CE,CB,AC,BB,AA,BD
173,F,2,DD,AA,AC,DA,DC,AA,BB,AA,CA,BB,AC,AB,DA,BC,CE,CB,BA,BB,BC,BA
174,M,2,DD,BA,AB,DA,DB,CE,BB,BA,DA,BB,AC,EE,BD,AC,EA,DB,AC,BB,BA,BD
175,M,2,DA,BA,AB,DA,AC,CA,BD,AA,CA,BB,BE,AB,DA,BC,EA,DB,BA,DB,BA,BD
176,F,2,DB,AC,AB,DA,DB,CA,CC,AC,DE,BE,AA,AA,DB,BA,EA,CA,BA,BA,BA,BD
177,M,2,DE,BB,AB,DA,AB,CA,BC,AC,DE,BE,AD,AA,BA,AA,EC,CC,AB,BA,AB,BA
178,F,2,DB,BC,AB,DA,DB,CA,BC,BC,DE,BA,AD,EA,DB,BA,EA,DA,AA,DA,BA,BD
179,F,2,DB,BC,AB,DA,DB,CA,CC,AC,DA,BA,AA,EA,DB,AA,EA,CC,AA,BA,AB,BD
180,M,2,DB,BC,AB,CA,BB,CE,BC,BD,DA,BE,CD,AA,BB,BA,CC,DA,BA,BA,BA,DD
181,F,2,DB,BB,DB,BA,AB,CE,BC,BD,DE,EE,CD,AA,BB,AA,AA,DA,BB,BA,BB,DA
182,M,2,DB,AC,DB,BA,BB,CA,BC,AC,DE,BE,CD,AA,BB,BA,AA,DA,BA,BA,CB,DA
183,M,2,DE,AC,AB,BA,BC,CE,CC,BC,DE,EE,CA,AA,BA,BA,AC,DA,BA,BA,BA,DD
184,F,2,DB,BB,AB,DA,BB,EE,AC,AC,DE,EE,CA,AA,AB,BA,CC,DA,BA,BA,DA,DD
185,F,2,DB,BC,AB,DA,BC,CE,AC,AC,DE,EE,CD,AA,BA,BA,CC,CA,BA,BA,AB,DD
186,M,2,DB,AC,AB,DA,BC,CA,AC,CD,DE,EE,BD,AA,BA,BA,EA,DA,BA,BA,DB,BD
187,F,2,DB,AC,AB,DA,AB,CA,AC,CC,DE,EA,CD,AA,BB,BA,CC,CC,BA,BA,DA,DA
188,M,2,BB,BB,BB,DA,AB,EE,AC,AC,EE,AA,CD,BA,DA,BA,BC,AC,AA,AA,DB,AD
189,F,2,BB,BB,AB,AA,AB,EA,EC,CC,EE,AA,AD,BA,DB,BA,EC,CA,CA,AA,DB,CD
190,M,2,AE,BC,AB,DA,AC,CE,AC,AC,EE,CE,AD,AA,DB,BA,EC,AC,CB,BA,BB,AA
191,F,2,AB,BC,BB,AA,AB,CE,EC,AC,EE,AA,AD,AA,DB,CA,BA,AA,AA,BA,BB,CD
192,M,2,DA,BE,CB,EA,AD,AC,CA,CA,DB,EA,CA,CB,DC,CB,AA,DC,BC,BA,AB,DD
193,M,2,DD,BB,CB,AA,AC,AC,AA,CA,DE,EC,CA,CB,BC,BB,AA,DC,BB,AA,AB,DC
194,M,2,DA,AE,CB,EB,AC,AC,AA,CA,DB,EC,CA,AB,DC,BD,AA,CD,BB,BA,CB,DD
195,F,2,DD,BB,AB,EA,AD,AC,AA,CA,DE,EC,DA,CB,DC,BB,AA,DD,BB,AA,CB,DC
